id;nombre_usuario;nombre_plantilla;costo;fecha
1;BEAC;red;45167;2021-07-03T06:50:21
2;networks Berkshire disintermediate;Azul feed Violeta;18975;2021-07-03T19:46:32
3;política;Sorprendente;9598;2021-07-03T01:36:05
4;synthesize;haptic Account;79712;2021-07-03T17:47:45
5;schemas;Loan;90587;2021-07-03T15:27:09
6;holistic Lithuanian;Hormigon SMTP;16726;2021-07-03T09:13:08
7;Estratega;groupware;7776;2021-07-03T18:19:56
8;Ladrillo monitorizar;Algodón Videojuegos;94472;2021-07-03T06:55:14
9;Extendido;withdrawal nacional;2178;2021-07-03T13:02:55
10;Vasco interfaz interface;navigate synthesizing Dinar;91097;2021-07-03T20:10:53
